<?xml version="1.0" encoding="UTF-8"?>
<l:dependencies xmlns:l='licenses' groupId='cliqr.jenkins.plugin' artifactId='CliQrJenkinsClient' version='4.6.0'><l:dependency name='CliQrJenkinsClient' groupId='cliqr.jenkins.plugin' artifactId='CliQrJenkinsClient' version='4.6.0' url='http://jenkins-ci.org/plugin/CliQrJenkinsClient/'><l:description/><l:license name='MIT License' url='http://opensource.org/licenses/MIT'/></l:dependency><l:dependency name='HK2 Implementation Utilities' groupId='org.glassfish.hk2' artifactId='hk2-utils' version='2.3.0-b05' url='https://hk2.java.net/hk2-utils'><l:description>HK2 Implementation Utilities</l:description><l:license name='CDDL + GPLv2 with classpath exception' url='https://glassfish.java.net/nonav/public/CDDL+GPL_1_1.html'/></l:dependency><l:dependency name='ServiceLocator Default Implementation' groupId='org.glassfish.hk2' artifactId='hk2-locator' version='2.3.0-b05' url='https://hk2.java.net/hk2-locator'><l:description>ServiceLocator Default Implementation</l:description><l:license name='CDDL + GPLv2 with classpath exception' url='https://glassfish.java.net/nonav/public/CDDL+GPL_1_1.html'/></l:dependency><l:dependency name='jersey-media-json-jackson' groupId='org.glassfish.jersey.media' artifactId='jersey-media-json-jackson' version='2.10.1' url='https://jersey.java.net/project/jersey-media-json-jackson/'><l:description>Jersey JSON Jackson (2.x) entity providers support module.</l:description><l:license name='CDDL+GPL License' url='http://glassfish.java.net/public/CDDL+GPL_1_1.html'/></l:dependency><l:dependency name='jersey-connectors-apache' groupId='org.glassfish.jersey.connectors' artifactId='jersey-apache-connector' version='2.10.1' url='https://jersey.java.net/project/jersey-apache-connector/'><l:description>Jersey Client Transport via Apache</l:description><l:license name='CDDL+GPL License' url='http://glassfish.java.net/public/CDDL+GPL_1_1.html'/></l:dependency><l:dependency name='Hamcrest library' groupId='org.hamcrest' artifactId='hamcrest-library' version='1.3' url='https://github.com/hamcrest/JavaHamcrest/hamcrest-library'><l:description>Hamcrest library of matcher implementations.</l:description><l:license name='New BSD License' url='http://www.opensource.org/licenses/bsd-license.php'/></l:dependency><l:dependency name='jersey-core-client' groupId='org.glassfish.jersey.core' artifactId='jersey-client' version='2.10.1' url='https://jersey.java.net/jersey-client/'><l:description>Jersey core client implementation</l:description><l:license name='CDDL+GPL License' url='http://glassfish.java.net/public/CDDL+GPL_1_1.html'/></l:dependency><l:dependency name='Commons Lang' groupId='commons-lang' artifactId='commons-lang' version='2.4' url='http://commons.apache.org/lang/'><l:description>Commons Lang, a package of Java utility classes for the
        classes that are in java.lang's hierarchy, or are considered to be so
        standard as to justify existence in java.lang.</l:description><l:license name='The Apache Software License, Version 2.0' url='http://www.apache.org/licenses/LICENSE-2.0.txt'/></l:dependency><l:dependency name='Apache HttpCore' groupId='org.apache.httpcomponents' artifactId='httpcore' version='4.3' url='http://hc.apache.org/httpcomponents-core-ga'><l:description>HttpComponents Core (blocking I/O)</l:description><l:license name='Apache License' url='LICENSE.txt'/></l:dependency><l:dependency name='Apache HttpClient' groupId='org.apache.httpcomponents' artifactId='httpclient' version='4.3.1' url='http://hc.apache.org/httpcomponents-client'><l:description>HttpComponents Client</l:description><l:license name='Apache License' url='LICENSE.txt'/></l:dependency><l:dependency name='Groovy' groupId='org.codehaus.groovy' artifactId='groovy-xml' version='2.3.2' url='http://groovy.codehaus.org/'><l:description>Groovy: A powerful, dynamic language for the JVM</l:description><l:license name='The Apache Software License, Version 2.0' url='http://www.apache.org/licenses/LICENSE-2.0.txt'/></l:dependency><l:dependency name='JSch' groupId='com.jcraft' artifactId='jsch' version='0.1.31' url='http://www.jcraft.com/jsch/'><l:description>JSch is a pure Java implementation of SSH2</l:description><l:license name='BSD' url='http://www.jcraft.com/jsch/LICENSE.txt'/></l:dependency><l:dependency name='javax.ws.rs-api' groupId='javax.ws.rs' artifactId='javax.ws.rs-api' version='2.0' url='http://jax-rs-spec.java.net'><l:description>Java.net - The Source for Java Technology Collaboration</l:description><l:license name='CDDL 1.1' url='http://glassfish.java.net/public/CDDL+GPL_1_1.html'/><l:license name='GPL2 w/ CPE' url='http://glassfish.java.net/public/CDDL+GPL_1_1.html'/></l:dependency><l:dependency name='rest-assured-common' groupId='com.jayway.restassured' artifactId='rest-assured-common' version='2.3.2' url='http://maven.apache.org'><l:description>Java DSL for easy testing of REST services</l:description><l:license name='Apache 2.0' url='http://www.apache.org/licenses/LICENSE-2.0.html'/></l:dependency><l:dependency name='Javassist' groupId='org.javassist' artifactId='javassist' version='3.18.1-GA' url='http://www.javassist.org/'><l:description>Javassist (JAVA programming ASSISTant) makes Java bytecode manipulation
    simple.  It is a class library for editing bytecodes in Java.</l:description><l:license name='MPL 1.1' url='http://www.mozilla.org/MPL/MPL-1.1.html'/><l:license name='LGPL 2.1' url='http://www.gnu.org/licenses/lgpl-2.1.html'/><l:license name='Apache License 2.0' url='http://www.apache.org/licenses/'/></l:dependency><l:dependency name='TagSoup' groupId='org.ccil.cowan.tagsoup' artifactId='tagsoup' version='1.2.1' url='http://home.ccil.org/~cowan/XML/tagsoup/'><l:description>TagSoup is a SAX-compliant parser written in Java that, instead of parsing well-formed or valid XML, parses HTML as it is found in the wild: poor, nasty and brutish, though quite often far from short. TagSoup is designed for people who have to process this stuff using some semblance of a rational application design. By providing a SAX interface, it allows standard XML tools to be applied to even the worst HTML. TagSoup also includes a command-line processor that reads HTML files and can generate either clean HTML or well-formed XML that is a close approximation to XHTML.</l:description><l:license name='Apache License 2.0' url='http://www.apache.org/licenses/LICENSE-2.0.txt'/></l:dependency><l:dependency name='Groovy' groupId='org.codehaus.groovy' artifactId='groovy-json' version='2.3.2' url='http://groovy.codehaus.org/'><l:description>Groovy: A powerful, dynamic language for the JVM</l:description><l:license name='The Apache Software License, Version 2.0' url='http://www.apache.org/licenses/LICENSE-2.0.txt'/></l:dependency><l:dependency name='javax.annotation API' groupId='javax.annotation' artifactId='javax.annotation-api' version='1.2' url='http://jcp.org/en/jsr/detail?id=250'><l:description>Common Annotations for the JavaTM Platform API</l:description><l:license name='CDDL + GPLv2 with classpath exception' url='https://glassfish.dev.java.net/nonav/public/CDDL+GPL.html'/></l:dependency><l:dependency name='jersey-repackaged-guava' groupId='org.glassfish.jersey.bundles.repackaged' artifactId='jersey-guava' version='2.10.1' url='https://jersey.java.net/project/project/jersey-guava/'><l:description>Jersey Guava Repackaged</l:description><l:license name='CDDL+GPL License' url='http://glassfish.java.net/public/CDDL+GPL_1_1.html'/></l:dependency><l:dependency name='REST Assured' groupId='com.jayway.restassured' artifactId='rest-assured' version='2.3.2' url='http://code.google.com/p/rest-assured'><l:description>Java DSL for easy testing of REST services</l:description><l:license name='Apache 2.0' url='http://www.apache.org/licenses/LICENSE-2.0.html'/></l:dependency><l:dependency name='HK2 API module' groupId='org.glassfish.hk2' artifactId='hk2-api' version='2.3.0-b05' url='https://hk2.java.net/hk2-api'><l:description>HK2 API module</l:description><l:license name='CDDL + GPLv2 with classpath exception' url='https://glassfish.java.net/nonav/public/CDDL+GPL_1_1.html'/></l:dependency><l:dependency name='Jackson-JAXRS-JSON' groupId='com.fasterxml.jackson.jaxrs' artifactId='jackson-jaxrs-json-provider' version='2.3.2' url='http://wiki.fasterxml.com/JacksonHome/jackson-jaxrs-json-provider'><l:description>Functionality to handle JSON input/output for JAX-RS implementations (like Jersey and RESTeasy) using standard Jackson data binding.</l:description><l:license name='The Apache Software License, Version 2.0' url='http://www.apache.org/licenses/LICENSE-2.0.txt'/><l:license name='GNU Lesser General Public License, Version 2.1' url='http://www.gnu.org/licenses/lgpl-2.1.html'/></l:dependency><l:dependency name='Commons IO' groupId='commons-io' artifactId='commons-io' version='2.4' url='http://commons.apache.org/io/'><l:description>The Commons IO library contains utility classes, stream implementations, file filters, 
file comparators, endian transformation classes, and much more.</l:description><l:license name='The Apache Software License, Version 2.0' url='http://www.apache.org/licenses/LICENSE-2.0.txt'/></l:dependency><l:dependency name='OSGi resource locator bundle - used by various API providers that rely on META-INF/services mechanism to locate providers.' groupId='org.glassfish.hk2' artifactId='osgi-resource-locator' version='1.0.1' url='http://glassfish.org/osgi-resource-locator/'><l:description>See http://wiki.glassfish.java.net/Wiki.jsp?page=JdkSpiOsgi for more information</l:description><l:license name='CDDL + GPLv2 with classpath exception' url='https://glassfish.dev.java.net/nonav/public/CDDL+GPL.html'/></l:dependency><l:dependency name='Hamcrest Core' groupId='org.hamcrest' artifactId='hamcrest-core' version='1.3' url='https://github.com/hamcrest/JavaHamcrest/hamcrest-core'><l:description>This is the core API of hamcrest matcher framework to be used by third-party framework providers. This includes the a foundation set of matcher implementations for common operations.</l:description><l:license name='New BSD License' url='http://www.opensource.org/licenses/bsd-license.php'/></l:dependency><l:dependency name='jackson-databind' groupId='com.fasterxml.jackson.core' artifactId='jackson-databind' version='2.3.2' url='http://wiki.fasterxml.com/JacksonHome'><l:description>General data-binding functionality for Jackson: works on core streaming API</l:description><l:license name='The Apache Software License, Version 2.0' url='http://www.apache.org/licenses/LICENSE-2.0.txt'/><l:license name='GNU Lesser General Public License, Version 2.1' url='http://www.gnu.org/licenses/lgpl-2.1.html'/></l:dependency><l:dependency name='Log4j' groupId='log4j' artifactId='log4j' version='1.2.14' url='http://logging.apache.org/log4j/docs/'><l:description>Log4j</l:description><l:license name='The Apache Software License, Version 2.0' url='http://www.apache.org/licenses/LICENSE-2.0.txt'/></l:dependency><l:dependency name='jersey-core-server' groupId='org.glassfish.jersey.core' artifactId='jersey-server' version='2.10.1' url='https://jersey.java.net/jersey-server/'><l:description>Jersey core server implementation</l:description><l:license name='CDDL+GPL License' url='http://glassfish.java.net/public/CDDL+GPL_1_1.html'/></l:dependency><l:dependency name='Jackson-JAXRS-base' groupId='com.fasterxml.jackson.jaxrs' artifactId='jackson-jaxrs-base' version='2.3.2' url='http://wiki.fasterxml.com/JacksonHome/jackson-jaxrs-base'><l:description>Pile of code that is shared by all Jackson-based JAX-RS
providers.</l:description><l:license name='The Apache Software License, Version 2.0' url='http://www.apache.org/licenses/LICENSE-2.0.txt'/><l:license name='GNU Lesser General Public License, Version 2.1' url='http://www.gnu.org/licenses/lgpl-2.1.html'/></l:dependency><l:dependency name='JTar' groupId='org.kamranzafar' artifactId='jtar' version='2.2' url='http://nexus.sonatype.org/oss-repository-hosting.html/jtar'><l:description>Java Tar API</l:description><l:license name='Apache Software License' url='${basedir}/LICENSE.txt'/></l:dependency><l:dependency name='Groovy' groupId='org.codehaus.groovy' artifactId='groovy' version='2.3.2' url='http://groovy.codehaus.org/'><l:description>Groovy: A powerful, dynamic language for the JVM</l:description><l:license name='The Apache Software License, Version 2.0' url='http://www.apache.org/licenses/LICENSE-2.0.txt'/></l:dependency><l:dependency name='Jackson-module-JAXB-annotations' groupId='com.fasterxml.jackson.module' artifactId='jackson-module-jaxb-annotations' version='2.3.2' url='http://wiki.fasterxml.com/JacksonJAXBAnnotations'><l:description>Support for using JAXB annotations as an alternative to "native" Jackson annotations, for configuring data binding.</l:description><l:license name='The Apache Software License, Version 2.0' url='http://www.apache.org/licenses/LICENSE-2.0.txt'/><l:license name='GNU Lesser General Public License, Version 2.1' url='http://www.gnu.org/licenses/lgpl-2.1.html'/></l:dependency><l:dependency name='Apache HttpClient Mime' groupId='org.apache.httpcomponents' artifactId='httpmime' version='4.2.6' url='http://hc.apache.org/httpcomponents-client'><l:description>HttpComponents HttpClient - MIME coded entities</l:description><l:license name='Apache License' url='LICENSE.txt'/></l:dependency><l:dependency name='Jackson-core' groupId='com.fasterxml.jackson.core' artifactId='jackson-core' version='2.3.2' url='http://wiki.fasterxml.com/JacksonHome'><l:description>Core Jackson abstractions, basic JSON streaming API implementation</l:description><l:license name='The Apache Software License, Version 2.0' url='http://www.apache.org/licenses/LICENSE-2.0.txt'/><l:license name='GNU Lesser General Public License, Version 2.1' url='http://www.gnu.org/licenses/lgpl-2.1.html'/></l:dependency><l:dependency name='xml-path' groupId='com.jayway.restassured' artifactId='xml-path' version='2.3.2' url='http://code.google.com/p/rest-assured/xml-path'><l:description>Java DSL for easy testing of REST services</l:description><l:license name='Apache 2.0' url='http://www.apache.org/licenses/LICENSE-2.0.html'/></l:dependency><l:dependency name='javax.inject:1 as OSGi bundle' groupId='org.glassfish.hk2.external' artifactId='javax.inject' version='2.3.0-b05' url='https://hk2.java.net/external/javax.inject'><l:description>Injection API (JSR 330) version ${javax.inject.version} repackaged as OSGi bundle</l:description><l:license name='CDDL + GPLv2 with classpath exception' url='https://glassfish.java.net/nonav/public/CDDL+GPL_1_1.html'/></l:dependency><l:dependency name='Bean Validation API' groupId='javax.validation' artifactId='validation-api' version='1.1.0.Final' url='http://beanvalidation.org'><l:description>Bean Validation API</l:description><l:license name='The Apache Software License, Version 2.0' url='http://www.apache.org/licenses/LICENSE-2.0.txt'/></l:dependency><l:dependency name='Jackson-annotations' groupId='com.fasterxml.jackson.core' artifactId='jackson-annotations' version='2.3.2' url='http://wiki.fasterxml.com/JacksonHome'><l:description>Core annotations used for value types, used by Jackson data binding package.</l:description><l:license name='The Apache Software License, Version 2.0' url='http://www.apache.org/licenses/LICENSE-2.0.txt'/><l:license name='GNU Lesser General Public License, Version 2.1' url='http://www.gnu.org/licenses/lgpl-2.1.html'/></l:dependency><l:dependency name='Apache Commons Lang' groupId='org.apache.commons' artifactId='commons-lang3' version='3.3.2' url='http://commons.apache.org/proper/commons-lang/'><l:description>Apache Commons Lang, a package of Java utility classes for the
  classes that are in java.lang's hierarchy, or are considered to be so
  standard as to justify existence in java.lang.</l:description><l:license name='The Apache Software License, Version 2.0' url='http://www.apache.org/licenses/LICENSE-2.0.txt'/></l:dependency><l:dependency name='aopalliance version 1.0 repackaged as a module' groupId='org.glassfish.hk2.external' artifactId='aopalliance-repackaged' version='2.3.0-b05' url='https://hk2.java.net/external/aopalliance-repackaged'><l:description>Generic Modules subsystem</l:description><l:license name='CDDL + GPLv2 with classpath exception' url='https://glassfish.java.net/nonav/public/CDDL+GPL_1_1.html'/></l:dependency><l:dependency name='Gson' groupId='com.google.code.gson' artifactId='gson' version='2.2.4' url='http://code.google.com/p/google-gson/'><l:description>Google Gson library</l:description><l:license name='The Apache Software License, Version 2.0' url='http://www.apache.org/licenses/LICENSE-2.0.txt'/></l:dependency><l:dependency name='jersey-core-common' groupId='org.glassfish.jersey.core' artifactId='jersey-common' version='2.10.1' url='https://jersey.java.net/jersey-common/'><l:description>Jersey core common packages</l:description><l:license name='CDDL+GPL License' url='http://glassfish.java.net/public/CDDL+GPL_1_1.html'/></l:dependency><l:dependency name='json-path' groupId='com.jayway.restassured' artifactId='json-path' version='2.3.2' url='http://maven.apache.org'><l:description>Java DSL for easy testing of REST services</l:description><l:license name='Apache 2.0' url='http://www.apache.org/licenses/LICENSE-2.0.html'/></l:dependency></l:dependencies>